dt,weight
-4,0.00390625
-3,0.03125
-2,0.109375
-1,0.21875
0,0.2734375
1,0.21875
2,0.109375
3,0.03125
4,0.00390625