dt,weight
-2,0.13533528
-1,0.60653066
0,1
1,0.60653066
2,0.13533528